{
  "Logistic Regression": {
    "accuracy": 0.71,
    "precision": 0.7053571428571429,
    "recall": 0.7596153846153846,
    "f1": 0.7314814814814815,
    "roc_auc": 0.7516025641025641
  },
  "Random Forest": {
    "accuracy": 0.66,
    "precision": 0.6475409836065574,
    "recall": 0.7596153846153846,
    "f1": 0.6991150442477876,
    "roc_auc": 0.716045673076923
  },
  "Gradient Boosting": {
    "accuracy": 0.625,
    "precision": 0.6330275229357798,
    "recall": 0.6634615384615384,
    "f1": 0.647887323943662,
    "roc_auc": 0.6485376602564102
  },
  "SVM": {
    "accuracy": 0.625,
    "precision": 0.6239316239316239,
    "recall": 0.7019230769230769,
    "f1": 0.6606334841628959,
    "roc_auc": 0.6861478365384616
  }
}